A-Class,Mercedes-Benz,2022
A-Class,Mercedes-Benz,2021
A3,Audi,2023
A3,Audi,2022
A3,Audi,2020
A4,Audi,2023
A4,Audi,2022
A4,Audi,2021
A4 allroad,Audi,2022
A4 allroad,Audi,2021
A5,Audi,2023
A5,Audi,2022
A5,Audi,2021
A6,Audi,2022
A6,Audi,2021
A6 allroad,Audi,2022
A6 allroad,Audi,2021
A7,Audi,2022
A7,Audi,2021
A8,Audi,2022
A8,Audi,2021
Acadia,GMC,2023
Acadia,GMC,2022
Acadia,GMC,2021
Accent,Hyundai,2022
Accent,Hyundai,2021
Accord,Honda,2023
Accord,Honda,2022
Accord,Honda,2021
Accord Hybrid,Honda,2022
Accord Hybrid,Honda,2021
Air,Lucid,2022
Altima,Nissan,2023
Altima,Nissan,2022
Altima,Nissan,2021
Ariya,Nissan,2023
Armada,Nissan,2023
Armada,Nissan,2022
Armada,Nissan,2021
Arteon,Volkswagen,2022
Arteon,Volkswagen,2021
Ascent,Subaru,2023
Ascent,Subaru,2022
Ascent,Subaru,2021
Atlas,Volkswagen,2023
Atlas,Volkswagen,2022
Atlas,Volkswagen,2021
Atlas Cross Sport,Volkswagen,2023
Atlas Cross Sport,Volkswagen,2022
Atlas Cross Sport,Volkswagen,2021
Avalon,Toyota,2022
Avalon,Toyota,2021
Avalon Hybrid,Toyota,2022
Avalon Hybrid,Toyota,2021
Aventador,Lamborghini,2021
Aviator,Lincoln,2023
Aviator,Lincoln,2022
Aviator,Lincoln,2021
Bentayga,Bentley,2021
Blazer,Chevrolet,2023
Blazer,Chevrolet,2022
Blazer,Chevrolet,2021
Blazer EV,Chevrolet,2024
Bolt EUV,Chevrolet,2023
Bolt EUV,Chevrolet,2022
Bolt EV,Chevrolet,2023
Bolt EV,Chevrolet,2022
Bolt EV,Chevrolet,2021
Bronco,Ford,2023
Bronco,Ford,2022
Bronco,Ford,2021
Bronco Sport,Ford,2023
Bronco Sport,Ford,2022
Bronco Sport,Ford,2021
BRZ,Subaru,2023
BRZ,Subaru,2022
BRZ,Subaru,2020
bZ4X,Toyota,2023
C-Class,Mercedes-Benz,2023
C-Class,Mercedes-Benz,2022
C-Class,Mercedes-Benz,2021
C-HR,Toyota,2023
C-HR,Toyota,2022
C-HR,Toyota,2021
C40 Recharge,Volvo,2023
C40 Recharge,Volvo,2022
Cadenza,Kia,2020
Camaro,Chevrolet,2023
Camaro,Chevrolet,2022
Camaro,Chevrolet,2021
Camry,Toyota,2023
Camry,Toyota,2022
Camry,Toyota,2021
Camry Hybrid,Toyota,2022
Camry Hybrid,Toyota,2021
Canyon Crew Cab,GMC,2023
Canyon Crew Cab,GMC,2022
Canyon Crew Cab,GMC,2021
Canyon Extended Cab,GMC,2022
Canyon Extended Cab,GMC,2021
Carnival,Kia,2023
Carnival,Kia,2022
Cayenne,Porsche,2023
Cayenne,Porsche,2022
Cayenne,Porsche,2021
Cayenne Coupe,Porsche,2022
Cayenne Coupe,Porsche,2021
Challenger,Dodge,2023
Challenger,Dodge,2022
Challenger,Dodge,2021
Charger,Dodge,2023
Charger,Dodge,2022
Charger,Dodge,2021
Cherokee,Jeep,2022
Cherokee,Jeep,2021
Civic,Honda,2023
Civic,Honda,2022
Civic,Honda,2021
Civic Type R,Honda,2022
Civic Type R,Honda,2021
CLA,Mercedes-Benz,2022
CLA,Mercedes-Benz,2021
Clarity Fuel Cell,Honda,2021
Clarity Plug-in Hybrid,Honda,2021
CLS,Mercedes-Benz,2022
CLS,Mercedes-Benz,2021
Clubman,MINI,2023
Clubman,MINI,2022
Clubman,MINI,2021
Colorado Crew Cab,Chevrolet,2023
Colorado Crew Cab,Chevrolet,2022
Colorado Crew Cab,Chevrolet,2021
Colorado Extended Cab,Chevrolet,2022
Colorado Extended Cab,Chevrolet,2021
Compass,Jeep,2023
Compass,Jeep,2022
Compass,Jeep,2021
Continental,Lincoln,2020
Continental GT,Bentley,2021
Convertible,MINI,2022
Convertible,MINI,2021
Corolla,Toyota,2023
Corolla,Toyota,2022
Corolla,Toyota,2021
Corolla Cross,Toyota,2022
Corolla Hatchback,Toyota,2022
Corolla Hatchback,Toyota,2021
Corolla Hybrid,Toyota,2022
Corolla Hybrid,Toyota,2021
Corsair,Lincoln,2023
Corsair,Lincoln,2022
Corsair,Lincoln,2021
Corvette,Chevrolet,2023
Corvette,Chevrolet,2022
Corvette,Chevrolet,2021
Countryman,MINI,2023
Countryman,MINI,2022
Countryman,MINI,2021
CR-V,Honda,2023
CR-V,Honda,2022
CR-V,Honda,2021
CR-V Hybrid,Honda,2022
CR-V Hybrid,Honda,2021
Crosstrek,Subaru,2023
Crosstrek,Subaru,2022
Crosstrek,Subaru,2021
CT4,Cadillac,2022
CT4,Cadillac,2021
CT5,Cadillac,2022
CT5,Cadillac,2021
CT6,Cadillac,2020
CT6-V,Cadillac,2020
Cullinan,Rolls-Royce,2021
CX-3,MAZDA,2021
CX-30,MAZDA,2023
CX-30,MAZDA,2022
CX-30,MAZDA,2021
CX-5,MAZDA,2022
CX-5,MAZDA,2021
CX-50,MAZDA,2023
CX-70,MAZDA,2024
CX-9,MAZDA,2022
CX-9,MAZDA,2021
CX-90,MAZDA,2023
Cybertruck,Tesla,2023
Cybertruck,Tesla,2022
Dawn,Rolls-Royce,2021
DB11,Aston Martin,2021
DBS Superleggera,Aston Martin,2021
DBX,Aston Martin,2021
Defender 110,Land Rover,2023
Defender 110,Land Rover,2022
Defender 110,Land Rover,2021
Defender 90,Land Rover,2022
Defender 90,Land Rover,2021
Discovery,Land Rover,2023
Discovery,Land Rover,2022
Discovery,Land Rover,2021
Discovery Sport,Land Rover,2023
Discovery Sport,Land Rover,2022
Discovery Sport,Land Rover,2021
Durango,Dodge,2023
Durango,Dodge,2022
Durango,Dodge,2021
E-Class,Mercedes-Benz,2023
E-Class,Mercedes-Benz,2022
E-Class,Mercedes-Benz,2021
E-PACE,Jaguar,2022
E-PACE,Jaguar,2021
e-tron,Audi,2022
e-tron,Audi,2021
e-tron GT,Audi,2022
e-tron S,Audi,2022
e-tron S Sportback,Audi,2022
e-tron Sportback,Audi,2022
e-tron Sportback,Audi,2021
Eclipse Cross,Mitsubishi,2022
Eclipse Cross,Mitsubishi,2020
EcoSport,Ford,2022
EcoSport,Ford,2021
Edge,Ford,2022
Edge,Ford,2021
Elantra,Hyundai,2023
Elantra,Hyundai,2022
Elantra,Hyundai,2021
Elantra GT,Hyundai,2020
Elantra Hybrid,Hyundai,2023
Elantra N,Hyundai,2022
Electrified G80,Genesis,2022
Enclave,Buick,2022
Enclave,Buick,2021
Encore,Buick,2023
Encore,Buick,2022
Encore,Buick,2021
Encore GX,Buick,2023
Encore GX,Buick,2022
Encore GX,Buick,2021
Envision,Buick,2023
Envision,Buick,2022
Envision,Buick,2021
Equinox,Chevrolet,2023
Equinox,Chevrolet,2022
Equinox,Chevrolet,2021
Equinox EV,Chevrolet,2024
ES,Lexus,2023
ES,Lexus,2022
ES,Lexus,2021
Escalade,Cadillac,2023
Escalade,Cadillac,2022
Escalade,Cadillac,2021
Escalade ESV,Cadillac,2022
Escalade ESV,Cadillac,2021
Escape,Ford,2023
Escape,Ford,2022
Escape,Ford,2021
EV6,Kia,2023
EV6,Kia,2022
Evora GT,Lotus,2021
Expedition,Ford,2023
Expedition,Ford,2022
Expedition,Ford,2021
Expedition MAX,Ford,2022
Expedition MAX,Ford,2021
Explorer,Ford,2023
Explorer,Ford,2022
Explorer,Ford,2021
Express 2500 Cargo,Chevrolet,2022
Express 2500 Cargo,Chevrolet,2021
Express 2500 Passenger,Chevrolet,2022
Express 2500 Passenger,Chevrolet,2021
Express 3500 Cargo,Chevrolet,2022
Express 3500 Cargo,Chevrolet,2021
Express 3500 Passenger,Chevrolet,2022
Express 3500 Passenger,Chevrolet,2021
F-PACE,Jaguar,2022
F-PACE,Jaguar,2021
F-TYPE,Jaguar,2023
F-TYPE,Jaguar,2022
F-TYPE,Jaguar,2021
F150 Lightning,Ford,2022
F150 Regular Cab,Ford,2021
F150 Super Cab,Ford,2021
F150 SuperCrew Cab,Ford,2023
F150 SuperCrew Cab,Ford,2022
F150 SuperCrew Cab,Ford,2021
F250 Super Duty Crew Cab,Ford,2022
F250 Super Duty Crew Cab,Ford,2021
F250 Super Duty Regular Cab,Ford,2022
F250 Super Duty Regular Cab,Ford,2021
F250 Super Duty Super Cab,Ford,2022
F250 Super Duty Super Cab,Ford,2021
F350 Super Duty Crew Cab,Ford,2022
F350 Super Duty Crew Cab,Ford,2021
F350 Super Duty Regular Cab,Ford,2021
F350 Super Duty Super Cab,Ford,2021
F450 Super Duty Crew Cab,Ford,2022
F450 Super Duty Crew Cab,Ford,2021
F450 Super Duty Regular Cab,Ford,2022
F450 Super Duty Regular Cab,Ford,2021
F8,Ferrari,2021
Fit,Honda,2020
Flying Spur,Bentley,2021
Forester,Subaru,2023
Forester,Subaru,2022
Forester,Subaru,2021
Forte,Kia,2023
Forte,Kia,2022
Forte,Kia,2021
Frontier Crew Cab,Nissan,2023
Frontier Crew Cab,Nissan,2022
Frontier Crew Cab,Nissan,2021
Frontier King Cab,Nissan,2022
Frontier King Cab,Nissan,2021
Fusion,Ford,2020
Fusion Plug-in Hybrid,Ford,2020
G-Class,Mercedes-Benz,2022
G-Class,Mercedes-Benz,2021
G70,Genesis,2023
G70,Genesis,2022
G70,Genesis,2021
G80,Genesis,2023
G80,Genesis,2022
G80,Genesis,2021
G90,Genesis,2023
G90,Genesis,2022
G90,Genesis,2021
Ghibli,Maserati,2022
Ghibli,Maserati,2021
Ghost,Rolls-Royce,2021
Giulia,Alfa Romeo,2022
Giulia,Alfa Romeo,2021
GLA,Mercedes-Benz,2023
GLA,Mercedes-Benz,2022
GLA,Mercedes-Benz,2021
Gladiator,Jeep,2023
Gladiator,Jeep,2022
Gladiator,Jeep,2021
GLB,Mercedes-Benz,2023
GLB,Mercedes-Benz,2022
GLB,Mercedes-Benz,2021
GLC,Mercedes-Benz,2023
GLC,Mercedes-Benz,2022
GLC,Mercedes-Benz,2021
GLC Coupe,Mercedes-Benz,2022
GLC Coupe,Mercedes-Benz,2021
GLE,Mercedes-Benz,2023
GLE,Mercedes-Benz,2022
GLE,Mercedes-Benz,2021
GLS,Mercedes-Benz,2023
GLS,Mercedes-Benz,2022
GLS,Mercedes-Benz,2021
Golf,Volkswagen,2021
Golf GTI,Volkswagen,2022
Golf GTI,Volkswagen,2021
Golf R,Volkswagen,2022
GR Supra,Toyota,2022
GR Supra,Toyota,2021
GR86,Toyota,2022
Grand Caravan Passenger,Dodge,2020
Grand Cherokee,Jeep,2023
Grand Cherokee,Jeep,2022
Grand Cherokee,Jeep,2021
Grand Cherokee 4xe,Jeep,2022
Grand Cherokee L,Jeep,2022
Grand Cherokee L,Jeep,2021
Grand Wagoneer,Jeep,2023
Grand Wagoneer,Jeep,2022
GS,Lexus,2020
GT,McLaren,2020
GT-R,Nissan,2022
GT-R,Nissan,2021
GTC4Lusso,Ferrari,2020
GV60,Genesis,2023
GV60,Genesis,2022
GV70,Genesis,2023
GV70,Genesis,2022
GV80,Genesis,2023
GV80,Genesis,2022
GV80,Genesis,2021
GX,Lexus,2023
GX,Lexus,2022
GX,Lexus,2021
Hardtop 2 Door,MINI,2023
Hardtop 2 Door,MINI,2022
Hardtop 2 Door,MINI,2021
Hardtop 4 Door,MINI,2022
Hardtop 4 Door,MINI,2021
Highlander,Toyota,2023
Highlander,Toyota,2022
Highlander,Toyota,2021
Highlander Hybrid,Toyota,2022
Highlander Hybrid,Toyota,2021
HR-V,Honda,2023
HR-V,Honda,2022
HR-V,Honda,2021
Hummer EV,GMC,2022
Hummer EV SUV,GMC,2024
Huracan,Lamborghini,2021
I-PACE,Jaguar,2022
I-PACE,Jaguar,2021
i3,BMW,2021
i4,BMW,2022
i8,BMW,2020
ID.4,Volkswagen,2023
ID.4,Volkswagen,2022
ID.4,Volkswagen,2021
ID.Buzz,Volkswagen,2024
ILX,Acura,2023
ILX,Acura,2022
ILX,Acura,2021
Impala,Chevrolet,2020
Impreza,Subaru,2023
Impreza,Subaru,2022
Impreza,Subaru,2021
Insight,Honda,2023
Insight,Honda,2022
Insight,Honda,2021
Integra,Acura,2023
IONIQ 5,Hyundai,2023
IONIQ 5,Hyundai,2022
Ioniq Electric,Hyundai,2021
Ioniq Hybrid,Hyundai,2023
Ioniq Hybrid,Hyundai,2022
Ioniq Hybrid,Hyundai,2021
Ioniq Plug-in Hybrid,Hyundai,2022
Ioniq Plug-in Hybrid,Hyundai,2021
IS,Lexus,2023
IS,Lexus,2022
IS,Lexus,2021
iX,BMW,2023
iX,BMW,2022
Jetta,Volkswagen,2023
Jetta,Volkswagen,2022
Jetta,Volkswagen,2021
Jetta GLI,Volkswagen,2022
Jetta GLI,Volkswagen,2021
Journey,Dodge,2020
K5,Kia,2023
K5,Kia,2022
K5,Kia,2021
K900,Kia,2020
Kicks,Nissan,2023
Kicks,Nissan,2022
Kicks,Nissan,2021
Kona,Hyundai,2023
Kona,Hyundai,2022
Kona,Hyundai,2021
Kona Electric,Hyundai,2022
Kona Electric,Hyundai,2021
Kona N,Hyundai,2022
Land Cruiser,Toyota,2021
LC,Lexus,2022
LC,Lexus,2021
LEAF,Nissan,2022
LEAF,Nissan,2021
Legacy,Subaru,2023
Legacy,Subaru,2022
Legacy,Subaru,2021
Levante,Maserati,2022
Levante,Maserati,2021
LS,Lexus,2022
LS,Lexus,2021
LX,Lexus,2023
LX,Lexus,2022
LX,Lexus,2021
LYRIQ,Cadillac,2023
M2,BMW,2021
M3,BMW,2022
M3,BMW,2021
M4,BMW,2022
M4,BMW,2021
M5,BMW,2022
M5,BMW,2021
M8,BMW,2022
M8,BMW,2021
Macan,Porsche,2023
Macan,Porsche,2022
Macan,Porsche,2021
Malibu,Chevrolet,2023
Malibu,Chevrolet,2022
Malibu,Chevrolet,2021
Maverick,Ford,2023
Maverick,Ford,2022
Maxima,Nissan,2022
Maxima,Nissan,2021
MAZDA3,MAZDA,2023
MAZDA3,MAZDA,2022
MAZDA3,MAZDA,2021
MAZDA6,MAZDA,2021
MC20,Maserati,2022
MDX,Acura,2023
MDX,Acura,2022
MDX,Acura,2020
MDX Sport Hybrid,Acura,2020
Mercedes-AMG A-Class,Mercedes-Benz,2021
Mercedes-AMG C-Class,Mercedes-Benz,2021
Mercedes-AMG CLA,Mercedes-Benz,2022
Mercedes-AMG CLA,Mercedes-Benz,2021
Mercedes-AMG CLS,Mercedes-Benz,2021
Mercedes-AMG E-Class,Mercedes-Benz,2022
Mercedes-AMG E-Class,Mercedes-Benz,2021
Mercedes-AMG G-Class,Mercedes-Benz,2021
Mercedes-AMG GLA,Mercedes-Benz,2022
Mercedes-AMG GLA,Mercedes-Benz,2021
Mercedes-AMG GLB,Mercedes-Benz,2022
Mercedes-AMG GLB,Mercedes-Benz,2021
Mercedes-AMG GLC,Mercedes-Benz,2022
Mercedes-AMG GLC,Mercedes-Benz,2021
Mercedes-AMG GLC Coupe,Mercedes-Benz,2022
Mercedes-AMG GLC Coupe,Mercedes-Benz,2021
Mercedes-AMG GLE,Mercedes-Benz,2022
Mercedes-AMG GLE,Mercedes-Benz,2021
Mercedes-AMG GLE Coupe,Mercedes-Benz,2022
Mercedes-AMG GLE Coupe,Mercedes-Benz,2021
Mercedes-AMG GLS,Mercedes-Benz,2021
Mercedes-AMG GT,Mercedes-Benz,2021
Mercedes-AMG S-Class,Mercedes-Benz,2021
Mercedes-AMG SL,Mercedes-Benz,2022
Mercedes-AMG SLC,Mercedes-Benz,2020
Mercedes-EQ EQB,Mercedes-Benz,2023
Mercedes-EQ EQB,Mercedes-Benz,2022
Mercedes-EQ EQE,Mercedes-Benz,2023
Mercedes-EQ EQS,Mercedes-Benz,2023
Mercedes-EQ EQS,Mercedes-Benz,2022
Mercedes-Maybach GLS,Mercedes-Benz,2021
Mercedes-Maybach S-Class,Mercedes-Benz,2022
Mercedes-Maybach S-Class,Mercedes-Benz,2021
Metris Cargo,Mercedes-Benz,2021
Metris Passenger,Mercedes-Benz,2021
Metris WORKER Cargo,Mercedes-Benz,2020
Metris WORKER Passenger,Mercedes-Benz,2020
Mirage,Mitsubishi,2023
Mirage,Mitsubishi,2022
Mirage,Mitsubishi,2021
Mirage G4,Mitsubishi,2022
Mirage G4,Mitsubishi,2021
Mirai,Toyota,2022
Mirai,Toyota,2021
MKZ,Lincoln,2020
Model 3,Tesla,2023
Model 3,Tesla,2022
Model 3,Tesla,2021
Model S,Tesla,2023
Model S,Tesla,2022
Model S,Tesla,2021
Model X,Tesla,2023
Model X,Tesla,2022
Model X,Tesla,2021
Model Y,Tesla,2023
Model Y,Tesla,2022
Model Y,Tesla,2021
Mulsanne,Bentley,2020
Murano,Nissan,2023
Murano,Nissan,2022
Murano,Nissan,2021
Mustang,Ford,2023
Mustang,Ford,2022
Mustang,Ford,2021
Mustang MACH-E,Ford,2023
Mustang MACH-E,Ford,2022
Mustang MACH-E,Ford,2021
MX-30,MAZDA,2022
MX-5 Miata,MAZDA,2022
MX-5 Miata,MAZDA,2021
MX-5 Miata RF,MAZDA,2022
MX-5 Miata RF,MAZDA,2021
Nautilus,Lincoln,2022
Nautilus,Lincoln,2021
Navigator,Lincoln,2023
Navigator,Lincoln,2022
Navigator,Lincoln,2021
Navigator L,Lincoln,2022
Navigator L,Lincoln,2021
NEXO,Hyundai,2022
NEXO,Hyundai,2021
Niro,Kia,2023
Niro,Kia,2022
Niro,Kia,2021
Niro EV,Kia,2022
Niro EV,Kia,2021
Niro Plug-in Hybrid,Kia,2022
Niro Plug-in Hybrid,Kia,2021
NSX,Acura,2022
NSX,Acura,2021
NV1500 Cargo,Nissan,2021
NV200,Nissan,2021
NV2500 HD Cargo,Nissan,2021
NV3500 HD Cargo,Nissan,2021
NV3500 HD Passenger,Nissan,2021
NX,Lexus,2023
NX,Lexus,2022
NX,Lexus,2021
Odyssey,Honda,2023
Odyssey,Honda,2022
Odyssey,Honda,2021
Optima,Kia,2020
Optima Hybrid,Kia,2020
Optima Plug-in Hybrid,Kia,2020
Outback,Subaru,2023
Outback,Subaru,2022
Outback,Subaru,2021
Outlander,Mitsubishi,2023
Outlander,Mitsubishi,2022
Outlander,Mitsubishi,2020
Outlander PHEV,Mitsubishi,2023
Outlander PHEV,Mitsubishi,2022
Outlander PHEV,Mitsubishi,2021
Outlander Sport,Mitsubishi,2023
Outlander Sport,Mitsubishi,2022
Outlander Sport,Mitsubishi,2021
Pacifica,Chrysler,2023
Pacifica,Chrysler,2022
Pacifica,Chrysler,2021
Pacifica Hybrid,Chrysler,2022
Pacifica Hybrid,Chrysler,2021
Palisade,Hyundai,2023
Palisade,Hyundai,2022
Palisade,Hyundai,2021
Panamera,Porsche,2022
Panamera,Porsche,2021
Passat,Volkswagen,2022
Passat,Volkswagen,2021
Passport,Honda,2023
Passport,Honda,2022
Passport,Honda,2021
Pathfinder,Nissan,2023
Pathfinder,Nissan,2022
Pathfinder,Nissan,2020
Phantom,Rolls-Royce,2021
Pilot,Honda,2023
Pilot,Honda,2022
Pilot,Honda,2021
Portofino,Ferrari,2021
Prius,Toyota,2023
Prius,Toyota,2022
Prius,Toyota,2021
Prius Prime,Toyota,2022
Prius Prime,Toyota,2021
Prologue,Honda,2024
ProMaster Cargo Van,Ram,2022
ProMaster Cargo Van,Ram,2021
ProMaster City,Ram,2022
ProMaster City,Ram,2021
ProMaster Window Van,Ram,2022
ProMaster Window Van,Ram,2021
Q3,Audi,2023
Q3,Audi,2022
Q3,Audi,2021
Q4 e-tron,Audi,2022
Q4 Sportback e-tron,Audi,2022
Q5,Audi,2023
Q5,Audi,2022
Q5,Audi,2021
Q5 Sportback,Audi,2022
Q5 Sportback,Audi,2021
Q50,INFINITI,2023
Q50,INFINITI,2022
Q50,INFINITI,2021
Q60,INFINITI,2022
Q60,INFINITI,2021
Q7,Audi,2023
Q7,Audi,2022
Q7,Audi,2021
Q8,Audi,2022
Q8,Audi,2021
Quattroporte,Maserati,2022
Quattroporte,Maserati,2021
QX50,INFINITI,2023
QX50,INFINITI,2022
QX50,INFINITI,2021
QX55,INFINITI,2023
QX55,INFINITI,2022
QX60,INFINITI,2023
QX60,INFINITI,2022
QX60,INFINITI,2020
QX80,INFINITI,2022
QX80,INFINITI,2021
R1S,Rivian,2022
R1S,Rivian,2021
R1T,Rivian,2022
R1T,Rivian,2021
R8,Audi,2022
R8,Audi,2021
Range Rover,Land Rover,2023
Range Rover,Land Rover,2022
Range Rover,Land Rover,2021
Range Rover Evoque,Land Rover,2023
Range Rover Evoque,Land Rover,2022
Range Rover Evoque,Land Rover,2021
Range Rover Sport,Land Rover,2023
Range Rover Sport,Land Rover,2022
Range Rover Sport,Land Rover,2021
Range Rover Velar,Land Rover,2022
Range Rover Velar,Land Rover,2021
Ranger SuperCab,Ford,2022
Ranger SuperCab,Ford,2021
Ranger SuperCrew,Ford,2023
Ranger SuperCrew,Ford,2022
Ranger SuperCrew,Ford,2021
RAV4,Toyota,2023
RAV4,Toyota,2022
RAV4,Toyota,2021
RAV4 Hybrid,Toyota,2022
RAV4 Hybrid,Toyota,2021
RAV4 Prime,Toyota,2022
RAV4 Prime,Toyota,2021
RC,Lexus,2022
RC,Lexus,2021
RDX,Acura,2023
RDX,Acura,2022
RDX,Acura,2021
Regal Sportback,Buick,2020
Regal TourX,Buick,2020
Renegade,Jeep,2023
Renegade,Jeep,2022
Renegade,Jeep,2021
Ridgeline,Honda,2023
Ridgeline,Honda,2022
Ridgeline,Honda,2021
Rio,Kia,2023
Rio,Kia,2022
Rio,Kia,2021
RLX,Acura,2020
RLX Sport Hybrid,Acura,2020
Rogue,Nissan,2023
Rogue,Nissan,2022
Rogue,Nissan,2021
Rogue Sport,Nissan,2022
Rogue Sport,Nissan,2021
Roma,Ferrari,2021
RS 3,Audi,2020
RS 5,Audi,2022
RS 5,Audi,2021
RS 6,Audi,2022
RS 6,Audi,2021
RS 7,Audi,2022
RS 7,Audi,2021
RS e-tron GT,Audi,2022
RS Q8,Audi,2022
RS Q8,Audi,2021
RX,Lexus,2023
RX,Lexus,2022
RX,Lexus,2021
RZ,Lexus,2023
S-Class,Mercedes-Benz,2022
S-Class,Mercedes-Benz,2021
S3,Audi,2022
S3,Audi,2020
S4,Audi,2022
S4,Audi,2021
S5,Audi,2022
S5,Audi,2021
S6,Audi,2022
S6,Audi,2021
S60,Volvo,2022
S60,Volvo,2021
S7,Audi,2022
S7,Audi,2021
S8,Audi,2022
S8,Audi,2021
S90,Volvo,2022
S90,Volvo,2021
Santa Cruz,Hyundai,2023
Santa Cruz,Hyundai,2022
Santa Fe,Hyundai,2023
Santa Fe,Hyundai,2022
Santa Fe,Hyundai,2021
Santa Fe Hybrid,Hyundai,2022
Santa Fe Hybrid,Hyundai,2021
Santa Fe Plug-in Hybrid,Hyundai,2023
Santa Fe Plug-in Hybrid,Hyundai,2022
Savana 2500 Cargo,GMC,2022
Savana 2500 Cargo,GMC,2021
Savana 2500 Passenger,GMC,2022
Savana 2500 Passenger,GMC,2021
Savana 3500 Cargo,GMC,2022
Savana 3500 Cargo,GMC,2021
Savana 3500 Passenger,GMC,2022
Savana 3500 Passenger,GMC,2021
Sedona,Kia,2021
Seltos,Kia,2023
Seltos,Kia,2022
Seltos,Kia,2021
Sentra,Nissan,2023
Sentra,Nissan,2022
Sentra,Nissan,2021
Sequoia,Toyota,2023
Sequoia,Toyota,2022
Sequoia,Toyota,2021
SF90,Ferrari,2021
Sienna,Toyota,2023
Sienna,Toyota,2022
Sienna,Toyota,2021
Sierra 1500 Crew Cab,GMC,2021
Sierra 1500 Double Cab,GMC,2023
Sierra 1500 Double Cab,GMC,2022
Sierra 1500 Double Cab,GMC,2021
Sierra 1500 Limited Crew Cab,GMC,2022
Sierra 1500 Limited Double Cab,GMC,2022
Sierra 1500 Limited Regular Cab,GMC,2022
Sierra 1500 Regular Cab,GMC,2022
Sierra 1500 Regular Cab,GMC,2021
Sierra 2500 HD Crew Cab,GMC,2022
Sierra 2500 HD Crew Cab,GMC,2021
Sierra 2500 HD Double Cab,GMC,2022
Sierra 2500 HD Double Cab,GMC,2021
Sierra 2500 HD Regular Cab,GMC,2022
Sierra 2500 HD Regular Cab,GMC,2021
Sierra 3500 HD Crew Cab,GMC,2022
Sierra 3500 HD Crew Cab,GMC,2021
Sierra 3500 HD Double Cab,GMC,2021
Sierra 3500 HD Regular Cab,GMC,2022
Sierra 3500 HD Regular Cab,GMC,2021
Silverado 1500 Crew Cab,Chevrolet,2023
Silverado 1500 Crew Cab,Chevrolet,2022
Silverado 1500 Crew Cab,Chevrolet,2021
Silverado 1500 Double Cab,Chevrolet,2022
Silverado 1500 Double Cab,Chevrolet,2021
Silverado 1500 Limited Crew Cab,Chevrolet,2022
Silverado 1500 Limited Regular Cab,Chevrolet,2022
Silverado 1500 Regular Cab,Chevrolet,2022
Silverado 1500 Regular Cab,Chevrolet,2021
Silverado 2500 HD Crew Cab,Chevrolet,2022
Silverado 2500 HD Crew Cab,Chevrolet,2021
Silverado 2500 HD Double Cab,Chevrolet,2022
Silverado 2500 HD Double Cab,Chevrolet,2021
Silverado 2500 HD Regular Cab,Chevrolet,2022
Silverado 2500 HD Regular Cab,Chevrolet,2021
Silverado 3500 HD Crew Cab,Chevrolet,2022
Silverado 3500 HD Crew Cab,Chevrolet,2021
Silverado 3500 HD Double Cab,Chevrolet,2022
Silverado 3500 HD Double Cab,Chevrolet,2021
Silverado 3500 HD Regular Cab,Chevrolet,2021
Silverado EV,Chevrolet,2024
SL,Mercedes-Benz,2020
SLC,Mercedes-Benz,2020
Solterra,Subaru,2023
Sonata,Hyundai,2023
Sonata,Hyundai,2022
Sonata,Hyundai,2021
Sonata Hybrid,Hyundai,2022
Sonata Hybrid,Hyundai,2021
Sonic,Chevrolet,2020
Sorento,Kia,2023
Sorento,Kia,2022
Sorento,Kia,2021
Sorento Hybrid,Kia,2022
Sorento Hybrid,Kia,2021
Sorento Plug-in Hybrid,Kia,2022
Soul,Kia,2023
Soul,Kia,2022
Soul,Kia,2021
Spark,Chevrolet,2023
Spark,Chevrolet,2022
Spark,Chevrolet,2021
Sportage,Kia,2023
Sportage,Kia,2022
Sportage,Kia,2021
Sportage Hybrid,Kia,2023
Sportage Plug-in Hybrid,Kia,2023
Sprinter 1500 Cargo,Mercedes-Benz,2022
Sprinter 1500 Cargo,Mercedes-Benz,2021
Sprinter 1500 Cargo,Freightliner,2021
Sprinter 1500 Passenger,Mercedes-Benz,2022
Sprinter 1500 Passenger,Mercedes-Benz,2021
Sprinter 1500 Passenger,Freightliner,2021
Sprinter 2500 Cargo,Freightliner,2021
Sprinter 2500 Cargo,Mercedes-Benz,2021
Sprinter 2500 Crew,Mercedes-Benz,2021
Sprinter 2500 Crew,Freightliner,2021
Sprinter 2500 Passenger,Mercedes-Benz,2021
Sprinter 2500 Passenger,Freightliner,2021
Sprinter 3500 Cargo,Freightliner,2021
Sprinter 3500 Cargo,Mercedes-Benz,2021
Sprinter 3500 Crew,Mercedes-Benz,2021
Sprinter 3500 Crew,Freightliner,2021
Sprinter 3500 XD Cargo,Mercedes-Benz,2021
Sprinter 3500 XD Crew,Freightliner,2021
Sprinter 3500 XD Crew,Mercedes-Benz,2021
Sprinter 3500XD Cargo,Freightliner,2021
Sprinter 4500 Cargo,Mercedes-Benz,2021
Sprinter 4500 Cargo,Freightliner,2021
Sprinter 4500 Crew,Freightliner,2021
Sprinter 4500 Crew,Mercedes-Benz,2022
Sprinter 4500 Crew,Mercedes-Benz,2021
SQ5,Audi,2022
SQ5,Audi,2021
SQ5 Sportback,Audi,2022
SQ5 Sportback,Audi,2021
SQ7,Audi,2022
SQ7,Audi,2021
SQ8,Audi,2022
SQ8,Audi,2021
Stelvio,Alfa Romeo,2022
Stelvio,Alfa Romeo,2021
Stinger,Kia,2022
Stinger,Kia,2021
Suburban,Chevrolet,2023
Suburban,Chevrolet,2022
Suburban,Chevrolet,2021
Tacoma Access Cab,Toyota,2023
Tacoma Access Cab,Toyota,2022
Tacoma Access Cab,Toyota,2021
Tacoma Double Cab,Toyota,2022
Tacoma Double Cab,Toyota,2021
Tahoe,Chevrolet,2023
Tahoe,Chevrolet,2022
Tahoe,Chevrolet,2021
Taos,Volkswagen,2023
Taos,Volkswagen,2022
Taycan,Porsche,2022
Taycan,Porsche,2021
Taycan Cross Turismo,Porsche,2022
Telluride,Kia,2023
Telluride,Kia,2022
Telluride,Kia,2021
Terrain,GMC,2023
Terrain,GMC,2022
Terrain,GMC,2021
Tiguan,Volkswagen,2023
Tiguan,Volkswagen,2022
Tiguan,Volkswagen,2021
Titan Crew Cab,Nissan,2022
Titan Crew Cab,Nissan,2021
Titan King Cab,Nissan,2023
Titan King Cab,Nissan,2022
Titan King Cab,Nissan,2021
TITAN XD Crew Cab,Nissan,2022
TITAN XD Crew Cab,Nissan,2021
TLX,Acura,2023
TLX,Acura,2022
TLX,Acura,2021
Tonale,Alfa Romeo,2023
Trailblazer,Chevrolet,2023
Trailblazer,Chevrolet,2022
Trailblazer,Chevrolet,2021
Transit 150 Cargo Van,Ford,2021
Transit 150 Crew Van,Ford,2022
Transit 150 Crew Van,Ford,2021
Transit 150 Passenger Van,Ford,2022
Transit 150 Passenger Van,Ford,2021
Transit 250 Cargo Van,Ford,2022
Transit 250 Cargo Van,Ford,2021
Transit 250 Crew Van,Ford,2021
Transit 350 Cargo Van,Ford,2022
Transit 350 Cargo Van,Ford,2021
Transit 350 Crew Van,Ford,2021
Transit 350 HD Cargo Van,Ford,2022
Transit 350 HD Cargo Van,Ford,2021
Transit 350 HD Crew Van,Ford,2022
Transit 350 HD Crew Van,Ford,2021
Transit 350 Passenger Van,Ford,2021
Transit Connect Cargo Van,Ford,2022
Transit Connect Cargo Van,Ford,2021
Transit Connect Passenger Wagon,Ford,2022
Transit Connect Passenger Wagon,Ford,2021
Traverse,Chevrolet,2023
Traverse,Chevrolet,2022
Traverse,Chevrolet,2021
Trax,Chevrolet,2023
Trax,Chevrolet,2022
Trax,Chevrolet,2021
TT,Audi,2022
TT,Audi,2021
Tucson,Hyundai,2023
Tucson,Hyundai,2022
Tucson,Hyundai,2021
Tucson Hybrid,Hyundai,2023
Tucson Hybrid,Hyundai,2022
Tucson Plug-in Hybrid,Hyundai,2023
Tucson Plug-in Hybrid,Hyundai,2022
Tundra CrewMax,Toyota,2023
Tundra CrewMax,Toyota,2022
Tundra CrewMax,Toyota,2021
Tundra Double Cab,Toyota,2022
Tundra Double Cab,Toyota,2021
Tundra Hybrid CrewMax,Toyota,2022
Urus,Lamborghini,2022
Urus,Lamborghini,2021
UX,Lexus,2023
UX,Lexus,2022
UX,Lexus,2021
V60,Volvo,2022
V60,Volvo,2021
V90,Volvo,2022
V90,Volvo,2021
Vantage,Aston Martin,2021
Veloster,Hyundai,2022
Veloster,Hyundai,2021
Venue,Hyundai,2023
Venue,Hyundai,2022
Venue,Hyundai,2021
Venza,Toyota,2023
Venza,Toyota,2022
Venza,Toyota,2021
Versa,Nissan,2023
Versa,Nissan,2022
Versa,Nissan,2021
VF 8,VinFast,2023
VF 9,VinFast,2023
Voyager,Chrysler,2023
Voyager,Chrysler,2021
Wagoneer,Jeep,2023
Wagoneer,Jeep,2022
Wraith,Rolls-Royce,2021
Wrangler,Jeep,2023
Wrangler,Jeep,2022
Wrangler,Jeep,2021
Wrangler Unlimited,Jeep,2022
Wrangler Unlimited,Jeep,2021
Wrangler Unlimited 4xe,Jeep,2022
Wrangler Unlimited 4xe,Jeep,2021
WRX,Subaru,2023
WRX,Subaru,2022
WRX,Subaru,2021
X1,BMW,2022
X1,BMW,2021
X2,BMW,2022
X2,BMW,2021
X3,BMW,2023
X3,BMW,2022
X3,BMW,2021
X3 M,BMW,2022
X3 M,BMW,2021
X4,BMW,2023
X4,BMW,2022
X4,BMW,2021
X4 M,BMW,2022
X4 M,BMW,2021
X5,BMW,2023
X5,BMW,2022
X5,BMW,2021
X5 M,BMW,2022
X5 M,BMW,2021
X6,BMW,2022
X6,BMW,2021
X6 M,BMW,2022
X6 M,BMW,2021
X7,BMW,2023
X7,BMW,2022
X7,BMW,2021
XC40,Volvo,2023
XC40,Volvo,2022
XC40,Volvo,2021
XC40 Recharge,Volvo,2022
XC40 Recharge,Volvo,2021
XC60,Volvo,2023
XC60,Volvo,2022
XC60,Volvo,2021
XC90,Volvo,2023
XC90,Volvo,2022
XC90,Volvo,2021
XE,Jaguar,2020
XF,Jaguar,2022
XF,Jaguar,2021
XT4,Cadillac,2022
XT4,Cadillac,2021
XT5,Cadillac,2023
XT5,Cadillac,2022
XT5,Cadillac,2021
XT6,Cadillac,2023
XT6,Cadillac,2022
XT6,Cadillac,2021
Yukon,GMC,2023
Yukon,GMC,2022
Yukon,GMC,2021
Yukon XL,GMC,2022
Yukon XL,GMC,2021
Z,Nissan,2023
Z4,BMW,2022
Z4,BMW,2021
1,Polestar,2021
124 Spider,FIAT,2020
1500 Classic Crew Cab,Ram,2022
1500 Classic Crew Cab,Ram,2021
1500 Classic Quad Cab,Ram,2022
1500 Classic Quad Cab,Ram,2021
1500 Classic Regular Cab,Ram,2022
1500 Classic Regular Cab,Ram,2021
1500 Crew Cab,Ram,2022
1500 Crew Cab,Ram,2021
1500 Quad Cab,Ram,2023
1500 Quad Cab,Ram,2022
1500 Quad Cab,Ram,2021
2,Polestar,2022
2,Polestar,2021
2 Series,BMW,2023
2 Series,BMW,2022
2 Series,BMW,2021
2500 Crew Cab,Ram,2022
2500 Crew Cab,Ram,2021
2500 Mega Cab,Ram,2022
2500 Mega Cab,Ram,2021
2500 Regular Cab,Ram,2022
2500 Regular Cab,Ram,2021
3 Series,BMW,2023
3 Series,BMW,2022
3 Series,BMW,2021
300,Chrysler,2022
300,Chrysler,2021
3500 Crew Cab,Ram,2022
3500 Crew Cab,Ram,2021
3500 Mega Cab,Ram,2022
3500 Mega Cab,Ram,2021
3500 Regular Cab,Ram,2022
3500 Regular Cab,Ram,2021
370Z,Nissan,2020
4 Series,BMW,2023
4 Series,BMW,2022
4 Series,BMW,2021
400Z,Nissan,2022
488 Pista,Ferrari,2021
4C Spider,Alfa Romeo,2020
4Runner,Toyota,2023
4Runner,Toyota,2022
4Runner,Toyota,2021
5,Polestar,2024
5 Series,BMW,2023
5 Series,BMW,2022
5 Series,BMW,2021
500L,FIAT,2020
500X,FIAT,2022
500X,FIAT,2021
570S,McLaren,2020
600LT,McLaren,2020
7 Series,BMW,2022
7 Series,BMW,2021
718 Boxster,Porsche,2022
718 Boxster,Porsche,2021
718 Cayman,Porsche,2022
718 Cayman,Porsche,2021
718 Spyder,Porsche,2022
718 Spyder,Porsche,2021
720S,McLaren,2020
8 Series,BMW,2022
8 Series,BMW,2021
812 GTS,Ferrari,2021
812 Superfast,Ferrari,2021
86,Toyota,2023
86,Toyota,2022
911,Porsche,2022
911,Porsche,2021
